firstname,lastname,sex,age,location
Miof mela,Krzyzaniak,Female,31,Cuba
Rourke,Gonnin,Male,37,Malta
Aland,Hain,Male,33,Estonia
Tailor,Staten,Male,34,Norway
Elane,Simion,Female,12,Netherlands
Raymund,Castro,Male,16,South Africa
Latrina,Polden,Female,37,Estonia
Rebeca,De Morena,Female,33,Puerto Rico
Annie,Stonman,Female,47,Estonia
Aundrea,Tomczykowski,Female,25,South Africa
Iris,Wybern,Female,30,Norway
Caryl,Hassell,Female,39,Cuba
Tomas,Moff,Male,30,North Korea
Catlee,Swift,Female,31,Cuba
Nicol,Goulborn,Female,34,Jamaica
Geri,Ciotto,Female,46,Cuba
Marney,Larroway,Female,40,Estonia
Renee,Benmore,Female,22,Cuba
Trueman,Lockhart,Male,32,South Africa
Prinz,Fossick,Male,30,Norway
Leonerd,Preist,Male,31,Cuba
Thaine,Creamen,Male,36,South Africa
Tandi,Meriel,Female,34,Netherlands
Carrissa,Bolf,Female,17,Norway
Nikolaus,Lux,Male,13,Norway
Cele,McChruiter,Female,33,South Africa
Zia,Hallgalley,Female,10,North Korea
Berne,Lorenzetto,Male,35,Cuba
Koral,Fattore,Female,48,South Africa
Travers,Keen,Male,18,Jamaica
Aridatha,Pietrzyk,Female,33,South Africa
Valene,MacKain,Female,10,Norway
Bradan,Haxley,Male,44,North Korea
Basilius,Loughead,Male,26,Cuba
Clevie,Francesc,Male,42,Cuba
Eve,Connechie,Female,49,South Africa
Berk,Gauden,Male,47,Norway
Martina,Bountiff,Female,40,Netherlands
Cirstoforo,Toulamain,Male,46,Cuba
Mattie,Denisovich,Female,33,Norway
Allyson,Fayre,Female,11,South Africa
Stewart,Chazette,Male,28,South Africa
Gaspard,Frede,Male,33,South Africa
Lannie,Arrundale,Male,38,South Africa
Valery,Euplate,Female,23,Netherlands
John,Salisbury,Male,46,Netherlands
Cos,Tanzer,Male,43,Cuba
Iggie,Becraft,Male,48,South Africa
Corenda,Gibbe,Female,30,Netherlands
Myer,Colebourn,Male,19,Norway
Eleonora,Aujean,Female,42,South Africa
Emilie,Passey,Female,40,Netherlands
Maribeth,Salman,Female,50,Malta
Nataniel,Mitroshinov,Male,37,Netherlands
Devin,Bielby,Male,43,Netherlands
Guglielma,Brigden,Female,33,Norway
Dorie,Boissier,Male,34,Cuba
Lindsey,Sargison,Female,33,North Korea
Adriano,Aers,Male,46,Netherlands
Keelby,McDuffy,Male,25,South Africa
Loretta,Hallows,Female,37,South Africa
Jacenta,Lanchberry,Female,17,Cuba
Lorri,Willoughway,Female,50,Malta
Alasteir,Mikalski,Male,41,Cuba
Blondell,Ruston,Female,50,Cuba
Pammi,Collens,Female,42,South Africa
Bridget,Vizard,Female,43,Cuba
Jakob,Bolino,Male,43,South Africa
Orrin,Garron,Male,40,Cuba
Terencio,Apfler,Male,28,Netherlands
Cassaundra,Wotherspoon,Female,26,Norway
Joshua,Rustidge,Male,41,Netherlands
Bartel,Boteman,Male,16,Netherlands
Baillie,Mellmer,Male,32,South Africa
Leupold,Nortcliffe,Male,26,Jamaica
Monty,Cornillot,Male,41,South Africa
Albrecht,Hackworthy,Male,48,Norway
Ainslie,Dilon,Female,21,North Korea
Benedikta,Courtois,Female,39,South Africa
Sibylle,Dael,Female,42,North Korea
Tawnya,Wilkin,Female,24,South Africa
Garik,Filippucci,Male,33,Cuba
Sammy,Pauel,Male,24,Norway
Way,Dumbrell,Male,43,Jamaica
Skipper,Mee,Male,18,Norway
Bartel,Cleere,Male,45,Estonia
Arabella,McLaverty,Female,31,South Africa
Abner,L'Hommee,Male,15,South Africa
Emalee,Arran,Female,27,South Africa
Jandy,Philippe,Female,24,Estonia
Dalt,Laverty,Male,35,Norway
Helli,Pebworth,Female,22,Netherlands
Kerby,Crunkhurn,Male,46,South Africa
Bourke,Yanele,Male,43,Netherlands
Mohammed,Aizikovitz,Male,17,North Korea
Kris,Thomerson,Male,14,South Africa
Georgeanna,Grout,Female,10,South Africa
Brade,O'Lagen,Male,43,South Africa
Antoinette,Andreasen,Female,13,South Africa
Carlo,Enderlein,Male,50,Norway
Theressa,Dunkersley,Female,29,Estonia
Oralia,Broxup,Female,44,South Africa
Theresina,Lippett,Female,10,Jamaica
Dayle,Goward,Female,43,South Africa
Dalis,Wardel,Male,49,Norway
Mitchael,Tinman,Male,30,South Africa
Christopher,Avieson,Male,12,Malta
Munmro,Vaughan,Male,18,Cuba
Rhea,Spick,Female,31,Norway
Sydney,Stevani,Female,12,Cuba
Austine,Hedde,Female,18,Norway
Valentine,Petrina,Male,26,North Korea
Andrew,Hyndman,Male,14,South Africa
Roma,Cowlishaw,Male,11,North Korea
Huberto,Covell,Male,42,North Korea
Edvard,Ewers,Male,12,Netherlands
Trula,Bullin,Female,48,Norway
Fabien,Stollmeier,Male,45,Norway
Blake,Snoxell,Female,33,Jamaica
Saloma,Corday,Female,10,Norway
Al,Skevington,Male,25,South Africa
Ritchie,Schulke,Male,45,South Africa
Had,Wimbury,Male,44,Norway
Malva,Munehay,Female,25,Netherlands
Glen,Sears,Female,16,Jamaica
Saw,Cometson,Male,17,North Korea
Marcie,D'Agostini,Female,20,Norway
Martie,Bortoluzzi,Male,13,Cuba
De witt,Lanon,Male,46,Cuba
Shannon,O'Mohun,Male,47,North Korea
Jerrie,Conws,Female,39,North Korea
Minor,Quest,Male,12,South Africa
Cordelie,Bessom,Female,18,North Korea
Natalee,Poynter,Female,27,Norway
Bartholomeus,Dufour,Male,32,South Africa
Hurley,Claessens,Male,37,North Korea
Quinn,Motte,Female,29,Estonia
Kermit,Hendricks,Male,32,South Africa
Son,Gatcliff,Male,21,Norway
Caryl,Rable,Female,39,Netherlands
Debee,Crecy,Female,25,North Korea
Lyn,Fleis,Female,22,Norway
Vania,Duffin,Female,15,North Korea
Wain,Beamiss,Male,12,Malta
Mano,Syde,Male,34,Estonia
Archibaldo,Bercevelo,Male,11,Norway
Devlen,De Benedetti,Male,17,Netherlands
Julina,Dimeloe,Female,18,Cuba
Nahum,Carlisle,Male,26,South Africa
Ulises,Argent,Male,42,South Africa
Gian,Kegley,Male,22,Netherlands
Willi,Beckford,Male,11,North Korea
Adrien,Lambricht,Male,40,Norway
Cody,Hallwell,Female,12,South Africa
Erl,Muino,Male,31,Netherlands
Erna,Spiteri,Female,18,Netherlands
Jaquelin,Dimock,Female,15,South Africa
Minni,McGrorty,Female,21,Netherlands
Suzann,Gencke,Female,41,Cuba
Michale,Yakob,Male,40,South Africa
Gaby,Garrettson,Male,47,Cuba
Kat,Corke,Female,28,Netherlands
Waylon,Binny,Male,23,South Africa
Buddy,Lenham,Male,16,South Africa
Mikol,Harborow,Male,18,South Africa
Camey,Jura,Male,50,Estonia
Paloma,Mitten,Female,48,Norway
Jeffy,Stemp,Male,39,Estonia
Yvon,Orknay,Male,13,South Africa
Mindy,Pine,Female,34,Netherlands
Deny,Kingscote,Female,21,Netherlands
Maurits,Assiratti,Male,12,North Korea
Raine,Wortman,Female,13,North Korea
Gibby,Lay,Male,31,Norway
Eberhard,Popping,Male,42,Norway
Elke,Langmaid,Female,33,Cuba
Wells,Peltzer,Male,20,North Korea
Myrilla,Squelch,Female,48,Netherlands
Abdel,Gemlbett,Male,18,Norway
Rhona,Tooby,Female,11,Norway
Chrotoem,Jain,Male,48,Netherlands
Aurelea,Tollemache,Female,25,Cuba
Jean,Chastelain,Male,40,North Korea
Abie,Menicomb,Male,11,South Africa
Colly,Taillard,Female,19,South Africa
Kelvin,Bahl,Male,41,Cuba
Cristina,Burren,Female,12,Norway
Lida,Izkovicz,Female,17,Netherlands
Roy,Brixey,Male,14,Cuba
Boothe,Raiston,Male,11,North Korea
Rosabella,Evert,Female,21,South Africa
Mariam,Ham,Female,10,South Africa
Barbe,Hawtry,Female,49,South Africa
Murry,Di Domenico,Male,23,Norway
Rosaline,Rawnsley,Female,30,Norway
Judie,Beagin,Female,19,Cuba
Russ,Barker,Male,36,South Africa
Hilton,Wellstood,Male,42,Cuba
Valentine,Dowears,Female,12,Norway
Selig,Guarnier,Male,42,South Africa
Amory,Tyreman,Male,37,Jamaica
Ewen,Yeatman,Male,15,Cuba
Romeo,Spleving,Male,49,Norway
Bat,Lindsley,Male,28,Norway
Elly,Jendrusch,Female,29,Norway
Ignazio,Yakovlev,Male,18,Netherlands
Gavan,Morecombe,Male,18,Netherlands
Garnet,Gebuhr,Female,24,Jamaica
Ingemar,Gatland,Male,50,South Africa
Massimiliano,Foort,Male,30,Cuba
Gerry,Martignoni,Male,29,Netherlands
Kakalina,Wiper,Female,30,South Africa
Rosy,Meaton,Female,36,South Africa
Daniella,Loadsman,Female,19,Cuba
Ari,Feldmus,Male,23,Norway
Addia,Nial,Female,15,Cuba
Emiline,Gostyke,Female,10,North Korea
Donnajean,Sheering,Female,16,South Africa
Lannie,Garlick,Male,16,Cuba
Lavinie,Brehat,Female,37,Cuba
Carine,Gritten,Female,19,Jamaica
Meriel,Legges,Female,44,Cuba
Kaylee,Rubinsky,Female,25,North Korea
George,Bentick,Female,30,South Africa
Bone,Dredge,Male,35,Netherlands
Ronald,Rout,Male,11,Netherlands
Ruthe,Guile,Female,32,South Africa
Carmine,Poyner,Male,34,Norway
Agnese,Giveen,Female,26,Norway
Nicolle,Ivanaev,Female,12,Cuba
Reagen,Mulmuray,Male,28,Norway
Sharla,Hayton,Female,13,Norway
Caesar,Care,Male,23,South Africa
Gusella,Rudram,Female,49,Netherlands
Myrilla,Conville,Female,15,Norway
Neal,Cypler,Male,45,Norway
Brit,Milius,Female,11,South Africa
Lazar,Bauman,Male,10,Norway
Ginelle,Langstrath,Female,45,South Africa
Bethanne,Petti,Female,47,Netherlands
Jimmy,Delaprelle,Male,46,Malta
Sandor,Critchard,Male,20,North Korea
Byron,Dudill,Male,39,North Korea
Corrie,Goligly,Female,48,South Africa
Theodora,Sapwell,Female,11,Cuba
Faber,Siburn,Male,21,Cuba
Cly,Northley,Male,11,Jamaica
Cori,Meere,Male,27,Netherlands
Ursa,Guinery,Female,19,Norway
Margaretha,Sinnett,Female,49,Cuba
Nana,Rowler,Female,49,Jamaica
Melisse,Pudsall,Female,13,Cuba
Leonora,Doorly,Female,24,Jamaica
Orran,O'Scully,Male,19,Netherlands
Fulton,Pendrid,Male,31,Netherlands
Benedetto,Tolumello,Male,49,Jamaica
Peyter,Forten,Male,46,Netherlands
Cinnamon,Sartain,Female,34,Netherlands
Husein,Ruslinge,Male,40,South Africa
Dennison,Mapston,Male,16,Jamaica
Ainslie,Odlin,Female,29,Cuba
Ofella,Bremmell,Female,27,Norway
Jocelyn,Rosentholer,Female,21,South Africa
Elonore,Gorghetto,Female,24,South Africa
Zolly,Persey,Male,45,North Korea
Rey,Harron,Female,33,Faroe Islands
Kimball,Downham,Male,25,Netherlands
Steven,Dye,Male,43,Cuba
Pru,Antognoni,Female,24,South Africa
Opaline,Aronoff,Female,31,South Africa
Egor,Ramirez,Male,38,Estonia
Kenneth,Metcalfe,Male,18,Estonia
Jandy,Boyat,Female,46,Netherlands
Alexis,McCalister,Female,18,Netherlands
Tandy,Bleasdille,Female,14,Netherlands
Dahlia,Arrowsmith,Female,44,South Africa
Charil,Drawmer,Female,11,North Korea
Free,Jolliman,Male,14,Cuba
Nels,Hammor,Male,13,North Korea
Nona,Kless,Female,23,South Africa
Floris,Knatt,Female,50,Netherlands
Teriann,Parlett,Female,30,Malta
Ralf,Atwater,Male,12,South Africa
Kinsley,Kilbee,Male,30,Norway
Bunny,Gittings,Female,24,North Korea
Elbert,Heady,Male,22,Norway
Allistir,Pearne,Male,27,Netherlands
Ivory,Chasier,Female,18,Netherlands
Langsdon,Galton,Male,28,Norway
Susanne,Blackney,Female,46,Netherlands
Norbie,Quinn,Male,23,Malta
Orv,Francescuccio,Male,25,Cuba
Wendell,Purbrick,Male,22,South Africa
Joelie,Manass,Female,37,Netherlands
Griffy,Inskipp,Male,11,Netherlands
Archibaldo,Attridge,Male,43,Cuba
Bryant,Eteen,Male,27,South Africa
Jacquette,Harrisson,Female,16,South Africa
Evelina,Edlestone,Female,10,Netherlands
Van,Devonside,Male,15,Norway
Rochester,Biesinger,Male,44,Norway
Angel,MacCart,Female,15,Netherlands
Jennee,Marden,Female,25,Norway
Beau,Baumler,Male,40,North Korea
Abby,Polglase,Male,28,Norway
Ichabod,Lepope,Male,16,South Africa
Jayme,Dhennin,Female,18,South Africa
Lorianne,Shotboulte,Female,47,South Africa
Arri,Moggach,Male,20,South Africa
Robers,Hansman,Male,29,North Korea
Saundra,Ondra,Female,49,South Africa
Kylie,Tabbitt,Male,21,Estonia
Tamarah,Coverdale,Female,14,North Korea
Beilul,Casolla,Female,37,North Korea
Tiena,Tincknell,Female,37,South Africa
Guido,Bruford,Male,17,Netherlands
Thorpe,Thistleton,Male,34,South Africa
Farrel,Gabey,Male,36,Norway
Lani,Pennoni,Female,11,South Africa
Thomas,Pumfrey,Male,14,Malta
Alysia,Hawes,Female,38,Netherlands
Sloan,Kasbye,Male,41,South Africa
Konstance,Bedow,Female,23,Estonia
Rhona,Lamputt,Female,49,South Africa
Dianne,Cisneros,Female,31,Netherlands
Sondra,McGillreich,Female,27,Norway
Heath,Cyples,Female,33,Cuba
Lani,Gelland,Female,18,Norway
Keri,Mc Corley,Female,35,Norway
Jordan,Kittles,Male,43,Cuba
Dario,Winchester,Male,19,South Africa
Alford,Boughton,Male,16,South Africa
Harwilll,Chessor,Male,46,South Africa
Arron,Harlick,Male,48,Norway
Darell,Slowgrove,Female,11,Netherlands
Brigham,McGarry,Male,49,South Africa
Denys,Phillipp,Male,11,South Africa
Ella,Pohlak,Female,46,South Africa
Leticia,Tolmie,Female,11,North Korea
Muire,Newlove,Female,10,South Africa
Javier,Bento,Male,47,South Africa
Hansiain,Whiteford,Male,33,South Africa
Piotr,Braxton,Male,21,South Africa
Maximilian,Reeday,Male,36,Jamaica
Ari,Sayburn,Male,12,Norway
Donalt,Borrowman,Male,37,Cuba
Elvis,Shaxby,Male,24,Cuba
Jordain,Brood,Female,26,Norway
Elbertine,Vasey,Female,42,Cuba
Aleece,Wogdon,Female,28,Cuba
Ynez,Whaymand,Female,27,Malta
Montague,Creeber,Male,42,Cuba
Jerome,Borzoni,Male,26,South Africa
Feliks,Caskey,Male,47,Cuba
Kerianne,Grigorescu,Female,11,South Africa
Fancy,Hurn,Female,13,North Korea
Lanna,Brogden,Female,26,North Korea
Genevra,Simm,Female,17,South Africa
Kittie,Piatkow,Female,18,Cuba
Ingaborg,Durman,Female,29,Malta
Baron,McShea,Male,18,Netherlands
Suzanne,Longstreet,Female,14,Cuba
Dilly,Pechard,Male,50,Jamaica
Sydelle,Wroughton,Female,16,Malta
Taffy,Minillo,Female,42,Norway
Karyl,Giannoni,Female,44,Netherlands
Laural,Defty,Female,29,Cuba
Eldridge,Davitti,Male,39,South Africa
Hatti,Mauchline,Female,34,Norway
Natala,Groombridge,Female,37,South Africa
Thain,Seabon,Male,44,South Africa
Lisa,De Lacey,Female,18,Norway
Jerrylee,Kabsch,Female,47,Norway
Flo,Dametti,Female,47,Norway
Ardis,Muddle,Female,23,South Africa
Lyn,Fowell,Female,30,South Africa
Adoree,Batchelor,Female,38,Jamaica
Shelli,Hovenden,Female,35,Norway
Calhoun,Instock,Male,46,Norway
Gates,de Najera,Female,50,Cuba
Theresa,Braisby,Female,11,Norway
Prentiss,Plewes,Male,10,North Korea
Aridatha,Mineghelli,Female,41,Norway
Cristina,Fidian,Female,14,South Africa
Geraldine,Randals,Female,47,South Africa
Lois,Thomtson,Female,22,Cuba
Lanie,Hultberg,Male,10,Estonia
Luelle,Mills,Female,37,Netherlands
Kali,Saban,Female,33,Cuba
Mellie,Skule,Female,30,South Africa
Lev,Mannie,Male,33,Cuba
Onfroi,Burbudge,Male,49,Cuba
Burr,Laneham,Male,50,Estonia
Tatiana,Burrells,Female,11,Cuba
Christan,Demeza,Female,29,Netherlands
Ebonee,Warnock,Female,13,South Africa
Freddie,Antoniak,Female,29,Norway
Joane,Mahy,Female,18,Norway
Erie,Gourlay,Male,18,Estonia
Drugi,Eassom,Male,28,Jamaica
Carmelle,Shewery,Female,17,North Korea
Thelma,Grayling,Female,14,South Africa
Hobart,Durek,Male,34,Netherlands
Bren,Linggard,Male,27,Netherlands
Bjorn,Milburne,Male,12,Estonia
Merola,Eynald,Female,33,Norway
Billye,Minihan,Female,47,South Africa
Jesselyn,Hurnell,Female,25,Netherlands
Aleda,Barrass,Female,27,Netherlands
Michale,Hendrich,Male,22,Netherlands
Elva,Coffin,Female,17,Malta
Howey,MacCarrane,Male,16,South Africa
Karol,Augar,Female,42,South Africa
Clywd,Ovesen,Male,32,Netherlands
Ronald,Splevin,Male,26,Cuba
Leshia,Duiguid,Female,43,South Africa
Trev,Rhyme,Male,22,Malta
Mattias,Mounsey,Male,35,North Korea
Corinne,Zavattari,Female,19,Cuba
Timmy,Di Dello,Male,18,Cuba
Jarid,Joannic,Male,46,South Africa
Bettina,Jeness,Female,37,Norway
Desi,Burtonshaw,Male,22,South Africa
Lora,O'Kerin,Female,20,Cuba
Cheryl,Ainger,Female,35,South Africa
Kipper,Geraldo,Male,40,Netherlands
Blondie,Rockwill,Female,41,Norway
Booth,Gansbuhler,Male,35,South Africa
Griswold,Hallagan,Male,44,Norway
Adeline,Jennions,Female,33,Norway
Gwenette,Tysack,Female,14,South Africa
Etta,Lumpkin,Female,37,Cuba
Heath,Busher,Male,11,South Africa
Dud,Kisby,Male,34,Jamaica
Dave,Bisset,Male,20,Jamaica
Valerye,Augustine,Female,11,South Africa
Griffy,Hartwright,Male,22,North Korea
Krishna,Klain,Male,22,North Korea
Conrad,Stovell,Male,38,Estonia
Ernestus,Pyrah,Male,24,Netherlands
Guglielmo,Dennick,Male,10,Malta
Constantina,Gerhartz,Female,40,Cuba
Wilburt,Currao,Male,10,North Korea
Denny,Temlett,Female,27,Netherlands
Rock,Sydes,Male,25,North Korea
Tony,Issacov,Male,21,Jamaica
Gun,Cowdroy,Male,49,Netherlands
Micki,Aspland,Female,41,Jamaica
Arv,Ubank,Male,41,Netherlands
Michelina,Gallymore,Female,29,North Korea
Leyla,Ruggles,Female,24,Jamaica
Johan,Pride,Male,40,Netherlands
Bryn,Losbie,Male,23,Malta
Hashim,Harrowell,Male,23,Malta
Caye,Antwis,Female,17,Netherlands
Michale,Plumstead,Male,34,Norway
Griffith,Cowperthwaite,Male,23,South Africa
Candi,MacConnell,Female,34,South Africa
Blair,Rubin,Female,40,Netherlands
Spencer,Benjefield,Male,31,South Africa
Laurena,Hedgeley,Female,20,Netherlands
Dolph,Lewins,Male,33,North Korea
Terrill,Jancik,Male,18,Norway
Rollin,Jaulmes,Male,37,Norway
Virginie,Hanaford,Female,20,Norway
Cobby,Sowle,Male,30,Netherlands
Prudy,Maciejak,Female,21,Norway
Wallis,Wyke,Female,42,Cuba
Salomo,Harsnep,Male,31,South Africa
Greta,Largent,Female,31,South Africa
Annmarie,Benoiton,Female,14,Norway
Gardener,Keneleyside,Male,11,Cuba
Chen,Dring,Male,42,Norway
Chloe,Loton,Female,45,South Africa
Weider,Dyas,Male,27,Netherlands
Shayna,Shillabeare,Female,46,Jamaica
Jaynell,Dellar,Female,24,South Africa
Fowler,Byrkmyr,Male,38,Faroe Islands
Genevra,Copcote,Female,48,Netherlands
Xylina,Narramore,Female,28,Cuba
Devin,Whitney,Female,32,Cuba
Drugi,Adriaan,Male,34,South Africa
Hersh,Belderfield,Male,43,Jamaica
Jelene,Eldered,Female,24,Norway
Derry,Haggarth,Male,29,South Africa
Garvin,Rodgman,Male,23,Norway
Mehetabel,Lemonby,Female,15,South Africa
Way,Neames,Male,13,Norway
Juana,Delf,Female,32,South Africa
Maribeth,Burland,Female,30,Netherlands
Richy,Dziwisz,Male,49,Cuba
Talbert,Gwioneth,Male,11,South Africa
Mal,Gerrish,Male,48,Cuba
Salem,Cesco,Male,41,Estonia
Franky,Reisin,Female,27,South Africa
Benedicta,Emeney,Female,19,Jamaica
Robers,Fawdrey,Male,48,Norway
Delmore,Wheeliker,Male,36,Jamaica
Evania,Cowton,Female,21,South Africa
Myrtia,Powley,Female,34,Norway
Jefferson,Mityashev,Male,21,North Korea
Rhianna,Vango,Female,45,South Africa
Read,Eatherton,Male,24,Cuba
Derrek,De Paoli,Male,49,Netherlands
Garik,Popworth,Male,39,North Korea
Alana,Duchart,Female,43,Norway
Cleo,MacTerrelly,Female,33,South Africa
Sancho,Oleksinski,Male,15,Netherlands
Helen,Gregorin,Female,30,Norway
Marcelle,Schaffel,Female,19,South Africa
Ab,Duinkerk,Male,42,Cuba
Christine,Carnoghan,Female,25,Cuba
Rudyard,Walrond,Male,16,Malta
Pierson,Featherstonhalgh,Male,16,South Africa
Delmer,Ebertz,Male,33,South Africa
Osbert,Nutty,Male,15,Estonia
Sindee,Rickett,Female,15,Netherlands
Lincoln,Bingell,Male,26,Estonia
Clint,Allkins,Male,18,Norway
Britta,Kehir,Female,13,Norway
Welby,Klempke,Male,20,Norway
Alexandro,Balshaw,Male,25,Norway
Raff,Strafen,Male,47,Netherlands
Fran,Medendorp,Male,31,South Africa
Valery,Gomersal,Female,28,Cuba
Ayn,Bothams,Female,30,Cuba
Chastity,Pearl,Female,29,South Africa
Rogerio,Hourihan,Male,32,South Africa
Lydia,Mollatt,Female,29,Norway
Larina,Calverley,Female,25,Netherlands
Spenser,Cornwell,Male,29,Cuba
Mark,Morales,Male,23,South Africa
Layla,Mauchline,Female,23,Norway
Ab,Viccary,Male,24,Estonia
Ignaz,McKennan,Male,28,Norway
Hayward,McAster,Male,31,Norway
Zaria,Brocklehurst,Female,36,South Africa
Laryssa,Everitt,Female,11,South Africa
Michell,Vida,Female,29,Jamaica
Keith,Jansik,Male,12,South Africa
Ginny,Faucherand,Female,50,Netherlands
Jorry,Eastmond,Female,35,Netherlands
Atalanta,Coltan,Female,38,Netherlands
Cissiee,Barnicott,Female,29,South Africa
Almira,Wedon,Female,27,Netherlands
Denys,Puzey,Male,26,Cuba
Page,Manueau,Male,20,Cuba
Tobe,Gleadhall,Female,32,Cuba
Meier,Fleisch,Male,43,Cuba
Ichabod,Barkworth,Male,21,Netherlands
Sheffy,Duerden,Male,14,South Africa
Parry,Effaunt,Male,20,Netherlands
Caddric,Raffels,Male,22,Norway
Shepherd,Pease,Male,41,Netherlands
Yuri,Dadswell,Male,20,Norway
Colline,Haggus,Female,17,Cuba
Milzie,Sudy,Female,44,South Africa
Faber,Melior,Male,11,South Africa
Carroll,Cooper,Male,15,Jamaica
Inglebert,Geram,Male,24,Netherlands
Katie,Hethron,Female,17,Norway
Rebecca,Coventon,Female,30,Netherlands
Frederic,Bruggeman,Male,36,Jamaica
Dyann,Pervew,Female,45,South Africa
Tanhya,Bissex,Female,35,Norway
Kira,Roselli,Female,29,Netherlands
Dolph,Harsent,Male,43,South Africa
Shellysheldon,Grigoliis,Male,11,North Korea
Cherlyn,Blincowe,Female,12,South Africa
Thebault,Tramel,Male,22,Cuba
Marlene,O'Docherty,Female,48,South Africa
Alessandra,Kahane,Female,39,South Africa
Dietrich,Badsey,Male,49,South Africa
Seumas,Perico,Male,50,Netherlands
Nappy,Audsley,Male,36,North Korea
Eleanora,Elesander,Female,13,Norway
Georgine,Ansill,Female,34,North Korea
Grange,Fryd,Male,28,Netherlands
Mikael,Sebrook,Male,45,Malta
Quill,Gulley,Male,28,Netherlands
Upton,January 1st,Male,20,Netherlands
Stephan,Guiduzzi,Male,24,South Africa
Arliene,Jopson,Female,43,South Africa
Isa,Massie,Female,25,Netherlands
Caryl,Hynde,Female,12,Netherlands
Annis,Kettlewell,Female,29,South Africa
Read,Hadden,Male,48,Netherlands
Thaddus,MacKibbon,Male,25,Cuba
Cynthea,Dicks,Female,23,Netherlands
Remy,Roswarn,Female,20,Cuba
Modestine,Woollard,Female,40,Netherlands
Jolynn,Mingardi,Female,43,Netherlands
Mano,MacAlpine,Male,30,Cuba
Ramon,Pickford,Male,31,Norway
Ashely,Locarno,Female,24,South Africa
La verne,Kermath,Female,17,Norway
Paulette,Sweetlove,Female,37,South Africa
Dionisio,Barnicott,Male,23,Cuba
Reginauld,Wrefford,Male,34,Cuba
Braden,McGaughay,Male,32,Malta
Cece,Heathcote,Male,15,South Africa
Yorke,de Wilde,Male,30,South Africa
Wells,Bouch,Male,15,South Africa
Webster,Budik,Male,10,South Africa
Edmon,Martelet,Male,46,South Africa
Wilfred,Pickthorn,Male,34,North Korea
Dasi,Hambric,Female,23,Norway
Addison,Sargent,Male,41,South Africa
Adelbert,Zanelli,Male,21,South Africa
Rees,Duck,Male,38,North Korea
Jessee,Berrane,Male,15,Netherlands
Andeee,Oliphard,Female,35,Jamaica
Odessa,Drewett,Female,46,South Africa
Sax,Eberst,Male,29,Jamaica
Jesse,Mairs,Male,28,North Korea
Fayina,Cacacie,Female,36,South Africa
Garrard,Bleasdille,Male,27,South Africa
Corina,Chessill,Female,42,Norway
Mariana,Asaaf,Female,36,Malta
Roderigo,Parmeter,Male,39,Cuba
Isadore,Fattorini,Male,17,Norway
Rickey,McCullouch,Male,14,Estonia
Pen,Doret,Female,36,Netherlands
Barry,Jordan,Male,16,Cuba
Jareb,Harriot,Male,43,North Korea
Rozalie,Goddard,Female,36,Netherlands
Bart,Bannell,Male,46,Cuba
Brandy,Lohden,Female,35,South Africa
Marion,Filippo,Male,37,Norway
Noel,Laminman,Male,36,Netherlands
Jonis,Wilsher,Female,45,Norway
Ernest,Berisford,Male,35,North Korea
Heall,Howden,Male,26,South Africa
Jeanette,Orneblow,Female,28,Estonia
Cacilia,Catteroll,Female,47,Puerto Rico
Tarrah,Pitone,Female,15,Malta
Tanya,Sellek,Female,15,Malta
Jeromy,Velden,Male,13,Norway
Joanne,Decort,Female,47,Netherlands
Rosanne,Etteridge,Female,22,South Africa
Leigh,Knill,Male,25,North Korea
Chrystel,Tidcombe,Female,35,Norway
Kennett,Piccop,Male,25,Cuba
Cesya,Lackner,Female,14,Estonia
Erhart,Ratchford,Male,34,North Korea
Skippie,Dowe,Male,42,South Africa
Madelin,Bedinn,Female,32,North Korea
Torrence,Huggins,Male,27,Cuba
Codi,Soppeth,Female,28,South Africa
Eldredge,Frankowski,Male,48,Norway
Zared,Cadore,Male,20,Netherlands
Alister,Hugin,Male,17,Netherlands
Edward,Labusquiere,Male,42,Netherlands
Fabe,Gatteridge,Male,18,Norway
Kristin,Nock,Female,18,South Africa
Salomone,Yurukhin,Male,43,Cuba
Elston,Brick,Male,28,Netherlands
Derrick,Gosz,Male,33,South Africa
Darn,Foye,Male,49,Norway
Elvira,Gebbe,Female,22,Estonia
Sumner,Cluckie,Male,23,Cuba
Pincas,Dallyn,Male,30,South Africa
Tobe,Ahlin,Male,22,South Africa
Lorry,Postans,Male,50,Faroe Islands
Lissa,Risley,Female,34,Norway
Bobbie,Sproule,Female,15,Norway
Erek,Flight,Male,28,South Africa
Caterina,Bragg,Female,24,Norway
Heath,Thamelt,Male,43,South Africa
Mariann,Calfe,Female,24,Norway
Jamima,Phettiplace,Female,15,Cuba
De witt,Prestner,Male,28,South Africa
Annabel,Iannuzzelli,Female,43,Netherlands
Dotti,Crippen,Female,26,Malta
Sutherland,Mantripp,Male,17,Netherlands
Hillier,Conville,Male,25,Norway
Brian,Micah,Male,31,North Korea
Shaylynn,Deme,Female,48,Norway
Georgy,Basil,Male,50,Netherlands
Eamon,Le-Good,Male,33,Norway
Ursulina,Scadding,Female,21,Norway
Carver,McInally,Male,15,Faroe Islands
Levon,Arnaut,Male,14,Norway
Philomena,Fairbourn,Female,40,Netherlands
Norine,Nannoni,Female,10,Norway
Winnie,MacCart,Female,29,Puerto Rico
Barrie,Reynold,Male,34,North Korea
Martin,Velden,Male,20,Netherlands
Wilburt,Stitle,Male,25,Norway
Terese,Moorcroft,Female,34,North Korea
Sapphira,Frango,Female,34,Norway
Moishe,Birley,Male,26,South Africa
Ewen,Doore,Male,32,Netherlands
Billye,Moine,Female,23,Puerto Rico
Aldis,Tomasicchio,Male,33,South Africa
Betti,Tolfrey,Female,30,North Korea
Constantina,Jentges,Female,38,Cuba
Liv,Bodker,Female,27,South Africa
Elora,Thor,Female,11,North Korea
Clywd,Bassford,Male,43,Estonia
Hansiain,Leaning,Male,27,South Africa
Johann,Anten,Male,32,North Korea
Egan,Coate,Male,34,Norway
Ramon,Beazey,Male,14,Malta
Nevsa,Redding,Female,36,Norway
Ashlen,Pawle,Female,24,South Africa
Westbrook,Aires,Male,12,South Africa
Montague,Bees,Male,44,Cuba
Mile,Mandrake,Male,12,Jamaica
Lynde,Portsmouth,Female,22,South Africa
Judi,Copplestone,Female,26,South Africa
Bamby,Calver,Female,19,Cuba
Merwyn,Cullingford,Male,49,Norway
Shandra,Skyram,Female,36,Cuba
Gnni,Lowthian,Female,42,Cuba
Maryl,Apdell,Female,33,Estonia
Elsi,Acklands,Female,26,Cuba
Renado,Greenrodd,Male,41,South Africa
Tildy,Nice,Female,14,Norway
Randal,Telega,Male,46,Norway
Jozef,Lortzing,Male,18,Cuba
Jaynell,Stopps,Female,48,Jamaica
Libbi,Tompion,Female,22,Malta
Marnie,Faye,Female,30,Malta
Elihu,Reedick,Male,36,Estonia
Cammy,Velten,Male,27,Cuba
Idelle,Norval,Female,38,Norway
Petunia,Tumelty,Female,18,Cuba
Ron,Tutchener,Male,20,Cuba
Rupert,Kliemchen,Male,15,Estonia
Menard,Raddenbury,Male,46,Netherlands
Shelli,Leftbridge,Female,29,Cuba
Benny,Howieson,Female,16,South Africa
Leslie,Ewbanck,Male,34,Estonia
Diego,Reading,Male,27,Norway
Alena,Bradie,Female,31,Cuba
Kayne,Gratten,Male,47,Netherlands
Allin,Shee,Male,41,Netherlands
Benny,Parsall,Female,33,Norway
Elmer,Elsip,Male,50,Netherlands
Joby,O'Keaveny,Female,36,Norway
Otes,Jarrel,Male,32,Cuba
Brand,Buckerfield,Male,23,Norway
Annice,Fitchen,Female,11,Cuba
Maybelle,Battram,Female,40,Norway
Bennie,Prantl,Male,36,Norway
Tybi,Caban,Female,22,South Africa
Breanne,Greetham,Female,27,Netherlands
Emmye,Leabeater,Female,29,Netherlands
Row,Breming,Female,28,Norway
Kennan,Murdie,Male,11,Jamaica
Glendon,Dirr,Male,48,Netherlands
Zelma,Clemente,Female,49,Netherlands
Cherey,Burbank,Female,24,Norway
Arturo,Adame,Male,45,Cuba
Lorilee,Astley,Female,40,Cuba
Chere,Kelloway,Female,14,South Africa
Bartolemo,Larkins,Male,16,South Africa
Christy,Celes,Female,34,Cuba
Lev,Ambrodi,Male,45,Estonia
Gabbey,Dermott,Female,15,South Africa
Felipe,Renfree,Male,25,Cuba
Inger,Grunson,Male,35,Netherlands
Natalee,Cud,Female,37,Jamaica
Felicio,Mennear,Male,21,Cuba
Jourdain,Guidera,Male,43,South Africa
Aline,Camplejohn,Female,30,Norway
Corinne,Liggons,Female,36,Cuba
Christy,MacCarroll,Male,32,Puerto Rico
Olympe,Binnall,Female,39,Jamaica
Devonne,Bysouth,Female,38,Netherlands
Annamaria,Huddart,Female,42,Jamaica
Rolland,Cartin,Male,41,Netherlands
Nils,Kezor,Male,11,Cuba
Robert,Jarvis,Male,32,South Africa
Celine,Maryet,Female,30,South Africa
Leone,Mennell,Female,18,Norway
Arlin,Swait,Male,42,Netherlands
Clarinda,Cawthera,Female,38,South Africa
Wally,Rooson,Female,41,Norway
Othello,Windows,Male,23,Norway
Neda,Wrassell,Female,45,Netherlands
Ham,O'Henehan,Male,45,Jamaica
Jeana,Mandeville,Female,43,South Africa
Star,Mair,Female,37,Norway
Conny,Benyon,Male,39,Cuba
Emalee,Pusey,Female,31,Jamaica
Brig,Fines,Male,17,South Africa
Maddy,Yendall,Male,30,South Africa
Rosemarie,Skipsey,Female,15,Netherlands
Alyson,Dowle,Female,45,North Korea
Guilbert,Shyre,Male,48,South Africa
Jarvis,Moneti,Male,36,North Korea
Cyrille,Gruszczak,Male,41,Cuba
Alanah,Stephenson,Female,49,Norway
Arabelle,Sawday,Female,44,South Africa
Lane,Ramlot,Female,16,Norway
Jeramey,Gasker,Male,38,South Africa
Howie,Riolfi,Male,37,Malta
Rudd,Hayne,Male,23,Norway
Kori,Laister,Female,16,Netherlands
Clarence,Eastup,Male,46,Cuba
Christopher,Call,Male,44,South Africa
Elwira,Rollingson,Female,50,North Korea
Camellia,Derrett,Female,28,Cuba
Agata,Welbelove,Female,46,South Africa
Terry,Shortall,Female,26,Malta
Odelinda,Rainard,Female,26,South Africa
Glynis,Pavlishchev,Female,16,Netherlands
Lenora,Attkins,Female,35,Netherlands
Joaquin,Fairbourn,Male,22,Cuba
Andreas,Lacknor,Male,12,South Africa
Wolfie,Bashford,Male,25,Norway
Latrena,Joselovitch,Female,41,Jamaica
Charmion,Porte,Female,36,Norway
Cullan,Heninghem,Male,26,Cuba
Natka,Skelly,Female,21,South Africa
Lenee,Cumber,Female,32,Malta
Corny,Feedham,Female,42,Estonia
Bayard,Whitwood,Male,50,Norway
Marcelia,Defau,Female,22,Cuba
Nickie,McLukie,Male,15,South Africa
Roma,Antczak,Male,16,Netherlands
Juline,Eagger,Female,36,Malta
Hally,Knok,Female,11,South Africa
Donielle,Pagram,Female,16,Norway
Gill,Tallyn,Female,15,Norway
Ethel,Arnott,Female,29,Norway
Talyah,Widdicombe,Female,17,Norway
Donny,Pomphrett,Female,19,South Africa
Enrique,Spavon,Male,43,Netherlands
Christy,Marsden,Male,34,Norway
Martina,Aleso,Female,16,Norway
Ottilie,Iannuzzi,Female,44,Cuba
Morry,Gumm,Male,24,Netherlands
Mozes,Cleall,Male,29,Norway
Jeannie,Watkinson,Female,38,South Africa
Jacquelynn,Neylan,Female,45,Cuba
Waldon,Vasey,Male,23,Norway
Fina,Ridhole,Female,33,South Africa
Vikki,Frankiewicz,Female,49,Cuba
Olivie,Masurel,Female,42,Cuba
Suzann,Klaes,Female,49,Netherlands
Egan,Hardes,Male,17,Malta
Marco,Edgin,Male,28,Netherlands
Jeramey,Vandenhoff,Male,12,Netherlands
Letisha,Barnfather,Female,23,Netherlands
Otto,Godwin,Male,22,Netherlands
Moselle,Hardaker,Female,10,Norway
Margarethe,Maudson,Female,18,Norway
Brien,Bolens,Male,47,Netherlands
Job,Rabat,Male,34,South Africa
Clemente,Wilfing,Male,20,Norway
Brice,Pitkeathley,Male,17,Netherlands
Ursola,Brayson,Female,37,Netherlands
Palmer,Kewzick,Male,21,Estonia
Eyde,Trewett,Female,36,Netherlands
Wylie,Haggerston,Male,33,Cuba
Merrily,Syplus,Female,45,Netherlands
Leshia,Cossam,Female,24,Norway
Jessi,Mordan,Female,15,North Korea
Mort,Yersin,Male,29,North Korea
Herman,Wands,Male,40,South Africa
Nedda,McShane,Female,45,Malta
Toma,Rogger,Female,18,Netherlands
Halsey,Pickworth,Male,47,Cuba
Chanda,Bow,Female,17,Norway
Meier,Brave,Male,26,Netherlands
Jamie,Grumley,Female,44,Netherlands
Tildie,Ounsworth,Female,16,Netherlands
Hilliary,Colliard,Female,44,North Korea
Danella,Ciubutaro,Female,48,North Korea
Colleen,Paulich,Female,20,Netherlands
Cathlene,Dubbin,Female,17,South Africa
Blancha,Redshaw,Female,46,Netherlands
Roddy,Ovens,Male,17,Jamaica
Chic,Scamerden,Male,31,Norway
Homer,Davitashvili,Male,37,Cuba
Hal,Shilleto,Male,23,Cuba
Rowe,Mullin,Female,50,Norway
Judd,Antonnikov,Male,37,North Korea
Aldo,Headon,Male,27,Netherlands
Morena,Mourbey,Female,20,Faroe Islands
Lon,Blowfelde,Male,39,South Africa
Elbertina,Colliver,Female,26,Norway
Ekaterina,Sonier,Female,25,Norway
Nealson,Keyson,Male,13,South Africa
Valaree,Gerty,Female,20,Cuba
Mel,Plomer,Male,19,South Africa
Annecorinne,Cains,Female,20,South Africa
Nikolai,Learoyd,Male,14,South Africa
Hoebart,Hargrave,Male,13,Estonia
Barbaraanne,Amer,Female,19,Norway
Carmina,O'Sherrin,Female,26,Netherlands
Nico,Lonsdale,Male,43,Cuba
Elvera,Sickert,Female,28,South Africa
Samantha,Crudge,Female,41,Norway
Jordan,Starkey,Male,48,Norway
Padraic,Angelo,Male,23,Netherlands
Zack,Beresfore,Male,12,Cuba
Marijo,Allibone,Female,45,South Africa
Cal,Skeffington,Female,44,South Africa
Hayward,Goodram,Male,29,North Korea
Chas,Oaks,Male,18,Norway
Harli,Daville,Female,48,Norway
Sauveur,Daymont,Male,40,South Africa
Klara,Cowtherd,Female,13,Jamaica
Benjie,Vanichkov,Male,44,South Africa
Nichole,Letessier,Male,44,Netherlands
Cornelle,Jacks,Female,33,Cuba
Annaliese,Hallibone,Female,47,Estonia
Melina,Pomery,Female,49,Jamaica
Hashim,Agate,Male,19,Norway
Regan,Shyram,Male,50,Netherlands
Geralda,Tolwood,Female,32,Netherlands
Elijah,Dawidowsky,Male,42,Norway
Theodor,Baselio,Male,21,Netherlands
Rochelle,Giriardelli,Female,46,Jamaica
Mill,Thoms,Male,16,Jamaica
Yasmin,Ditchett,Female,28,Netherlands
Carrol,Grouer,Male,34,Netherlands
Tiebout,Torbeck,Male,15,Norway
Donielle,Kennelly,Female,40,Jamaica
Lacy,O'Keenan,Female,18,Estonia
Skip,Joselin,Male,22,South Africa
Anthia,Cordeau,Female,29,South Africa
Sonny,Graeser,Female,49,Netherlands
Dolf,MacElholm,Male,27,Norway
Davey,Chapellow,Male,24,Cuba
Mathew,Pales,Male,19,Cuba
Corbin,Jeckells,Male,50,Netherlands
Kelsi,Bordis,Female,28,South Africa
Carol-jean,Fleeman,Female,32,South Africa
Hersh,Donnersberg,Male,28,Estonia
Marten,Haydn,Male,13,Cuba
Bondon,Coller,Male,41,Cuba
Vinnie,Loraine,Male,35,Cuba
Bent,Pettyfer,Male,37,Cuba
Mozes,Clemow,Male,36,Jamaica
Faulkner,Danielot,Male,29,North Korea
Misti,Scrowston,Female,20,Netherlands
Juana,Marchiso,Female,21,Norway
Leonore,Whitelaw,Female,35,South Africa
Elie,Railton,Female,31,Jamaica
Glennis,Balogun,Female,43,Norway
Alysa,Van Hove,Female,27,North Korea
Homerus,Motherwell,Male,38,Netherlands
Hugues,Jewis,Male,11,South Africa
Svend,Hackinge,Male,23,Estonia
Kerby,Ambrogioni,Male,41,Cuba
Karola,Bront,Female,13,Norway
Herby,Mourant,Male,33,Norway
Pietra,Stickens,Female,42,South Africa
Virgie,Hurdiss,Male,18,Estonia
Arlana,Cockren,Female,19,Netherlands
Terence,Frantzen,Male,11,Netherlands
Ernestus,Hynson,Male,14,Norway
Nellie,Stachini,Female,25,North Korea
Myles,Suff,Male,27,Netherlands
Marlow,Cymper,Male,10,Netherlands
Krystle,Girardini,Female,30,Cuba
Lorrayne,Hubbuck,Female,24,Netherlands
Connie,Morin,Female,13,South Africa
Mead,Monshall,Female,31,North Korea
Petey,Davidovits,Male,25,Malta
Sybilla,Willerson,Female,14,Cuba
Bettina,Gyrgorcewicx,Female,49,Netherlands
Cleveland,Haward,Male,27,Cuba
Margret,Pimlott,Female,28,Norway
Townsend,Bagg,Male,49,South Africa
Sheffy,Carless,Male,23,Netherlands
Yetta,Kilbane,Female,26,Estonia
Giavani,Toombes,Male,30,North Korea
Nicol,Rubery,Female,39,South Africa
Hogan,Piperley,Male,25,Jamaica
Axe,Pevreal,Male,27,Netherlands
Renelle,Pyffe,Female,50,Norway
Humphrey,Duffy,Male,24,Cuba
Barrie,Dowdell,Female,11,Netherlands
Gorden,Stovin,Male,47,South Africa
Devland,Mc Menamin,Male,39,North Korea
Chen,Akenhead,Male,15,Jamaica
Elsbeth,Leggon,Female,18,Norway
Hogan,Sherrocks,Male,31,Cuba
Diane-marie,Stanlock,Female,27,Estonia
Viva,Poulsom,Female,29,North Korea
Francklyn,Meugens,Male,41,North Korea
Vito,Spawton,Male,14,North Korea
Brit,Estcourt,Female,41,Faroe Islands
Abraham,Cheater,Male,41,Cuba
Elijah,Cappell,Male,13,Netherlands
Rossy,Esselen,Male,22,South Africa
Rosene,Bewshaw,Female,37,Jamaica
Cosmo,Sneden,Male,44,South Africa
Mabel,Kingsly,Female,48,Norway
Gray,Windus,Female,36,Cuba
Jefferson,Abramzon,Male,49,Norway
Base,Mauvin,Male,15,South Africa
Golda,Emmott,Female,20,Netherlands
Annadiana,Haythornthwaite,Female,47,Cuba
